{"cameraMode":{"drawMode":0,"name":"Shaded","section":"Shading Mode"},"sceneLighting":true,"audioPlay":false,"sceneViewState":{"showFog":true,"showMaterialUpdate":true,"showSkybox":true,"showFlares":true,"showImageEffects":true,"showParticleSystems":true},"in2DMode":false,"pivot":{"x":28.412471771240236,"y":1.421142578125,"z":27.320798873901368},"rotation":{"x":0.5825790762901306,"y":-2.9616190142661702e-12,"z":1.7581612554717908e-10,"w":0.8127742409706116},"size":102.19319915771485,"orthographic":false}